path,category
/,home
/blog,blog
/blog/post-1,blog
/blog/post-2,blog
/blog/post-3,blog
/blog/post-4,blog
/blog/post-5,blog
/blog/post-6,blog
/products,products
/products/category-1,products
/products/category-1/item-1,products
/support/contact,support
/support/faq-3,support
/blog/post-7,blog
/blog/post-8,blog
/blog/post-9,blog
/products/category-2,products
/products/category-2/item-1,products
/support/faq-4,support
/support,support
/support/faq-1,support
/products/category-1/item-5,products
/products/category-3,products
/products/category-3/item-1,products
/support/faq-5,support
/about,about
/about/team,about
/about/careers,about
/products/category-4,products
/products/category-4/item-1,products
/support/faq-6,support
/products/category-2/item-7,products
/products/category-2/item-4,products
/products/category-3/item-7,products
/products/category-1/item-2,products
/products/category-2/item-2,products
/products/category-5,products
/products/category-5/item-4,products
/products/category-5/item-1,products
/products/category-6/item-7,products
/products/category-2/item-5,products
/products/category-4/item-3,products
/support/faq-2,support
/products/category-6,products
/products/category-6/item-5,products
/products/category-6/item-6,products
/products/category-1/item-3,products
/products/category-4/item-4,products
/products/category-1/item-7,products
/products/category-3/item-5,products
/products/category-3/item-4,products
/products/category-5/item-5,products
/products/category-4/item-7,products
/products/category-1/item-6,products
/products/category-4/item-6,products
/products/category-6/item-3,products
/products/category-6/item-2,products
/products/category-4/item-2,products
/products/category-2/item-3,products
/products/category-3/item-3,products
/products/category-5/item-7,products
/products/category-3/item-6,products
/products/category-6/item-1,products
/products/category-4/item-5,products
/products/category-1/item-4,products
/products/category-2/item-6,products
/products/category-3/item-2,products
